,Company Name,Current Ratio,Total Asset Turnover,Debt ratio %,Total expense/Assets,Equity to Long-term Liability,Net Income to Total Assets,Net Income to Stockholder's Equity,Liability to Equity,pred
0,3M Co,1.7299999999999998,0.79,0.744836644962113,0.6448160354349842,0.66842870358134,0.12086659798533039,0.4728709600078469,1.6666666666666667,False
1,"ABIOMED, Inc.",5.683333333333334,1.7266666666666666,0.11956342783168683,0.5402928985133633,0.5651788572992993,0.18506391338766226,0.2098921563879167,1.8276487876561325,False
2,AES Corp,1.0599999999999998,0.3066666666666667,0.8858587751189811,0.28825910539187355,0.21169571119492617,0.015775279933346573,0.1284935519835441,5.183333333333334,True
3,AFLAC Inc,1.7838695329873968,0.15,0.813351667678174,0.1212570394161806,0.5651788572992993,0.02378896286909546,0.12697500640676226,0.2333333333333333,False
4,AMETEK Inc,1.74,0.5333333333333333,0.4720909922800604,0.420075507633864,2.252052690649182,0.08717641478896415,0.16613548980901263,0.5233333333333333,False
5,APA Corp,1.23,0.31333333333333335,0.8467014537731098,0.5372352892620043,0.631526351318711,-0.1918883839823553,1.2623113985053838,1.7425495958853776,False
6,AT&T Inc,0.8033333333333333,0.3333333333333333,0.6708142631438857,0.3081364945499797,1.127751628393477,0.017258671097893086,0.049558247079126046,0.94,False
7,AbbVie Inc,1.6666666666666667,0.44333333333333336,1.049053022022601,0.3381422555312052,0.4329972595598477,0.07164117887272517,-0.4282787692992252,3.4117658584374215,False
8,Abbott Laboratories,1.5933333333333335,0.4633333333333333,0.5452532870586733,0.4168946348452336,1.73117980135524,0.05050735934920487,0.11109556031622074,0.5966666666666667,False
9,"Activision Blizzard, Inc.",2.74,0.37666666666666665,0.35575627867319537,0.27498344645719813,4.365079365079365,0.09082073228718379,0.14103984144306167,0.22999999999999998,False
10,Adobe Inc,1.1333333333333333,0.5599999999999999,0.4826022438947009,0.35075896991298977,5.536548278483763,0.16559819724348618,0.3178593329876547,0.38000000000000006,False
11,Advance Auto Parts Inc,1.3866666666666667,0.9733333333333333,0.6636933895143287,0.8815489615194254,3.886152162014231,0.043936418827886896,0.13168784449574047,0.2633333333333333,False
12,Advanced Micro Devices Inc,2.09,1.3966666666666667,0.5339470188038611,1.0729417016562068,7.8951277480689255,0.1361258347673742,0.2711347674366697,0.4066666666666667,False
13,"Agilent Technologies, Inc.",2.3833333333333333,0.57,0.48559233726070844,0.4837229951500344,2.4411136953130232,0.07499771389900146,0.14743613404975756,0.45999999999999996,False
14,Air Products & Chemicals Inc,2.766666666666667,0.4466666666666666,0.45679437672857803,0.34746056670444586,2.9216275971930403,0.08199090878066055,0.1511204100588833,0.42,False
15,Akamai Technologies Inc,2.6166666666666667,0.47666666666666674,0.4486639406113489,0.3757587337626737,2.641975308641975,0.06486669536954703,0.11839816341950497,0.48,False
16,"Alaska Air Group, Inc.",0.7266666666666667,0.5833333333333334,0.7033956879775974,0.5606884243867413,2.3465600140759766,0.0016572192749526524,-0.0496821147135876,0.6933333333333334,False
17,Albemarle Corp.,1.4966666666666668,0.38666666666666666,0.5733092416843819,0.3090114069856143,1.8241423720875776,0.060502983526759334,0.13902872123776902,0.7000000000000001,False
18,Alexandria Real Estate Equities Inc,0.25666666666666665,0.09333333333333334,0.4988953764817257,0.05929857064063206,1.3958614484930274,0.026580980580496127,0.0527917786199418,0.7200000000000001,False
19,Align Technology Inc,1.6533333333333333,0.9199999999999999,0.393889310288741,0.5642066959879313,0.5651788572992993,0.246588753823475,0.3991727339932498,1.8276487876561325,False
20,Allegion Plc,1.9900000000000002,0.9700000000000001,0.7476235769941612,0.8091601028920539,0.524713245180596,0.1308564631502093,0.5258322895002796,1.9433333333333334,False
21,Alliant Energy Corp,0.53,0.22333333333333336,0.6899617033768971,0.17912004837845794,0.8869751144416721,0.034355791850862405,0.11087022163087586,1.27,False
22,Allstate Corp,1.7838695329873968,0.3633333333333333,0.7845179595978417,0.3259801915509665,0.5651788572992993,0.034909859228834314,0.15887915748517825,0.2733333333333334,False
23,Alphabet Inc,3.453333333333333,0.63,0.2701927740693176,0.4543162109873407,38.88888888888889,0.12749868097912612,0.17482335554634543,0.03333333333333333,False
24,Altria Group Inc,0.5266666666666667,0.51,0.8493567986066614,0.4413252294395147,0.5271359667036194,0.0643727807968802,0.6121723163037007,5.543333333333333,True
25,Amazon.com Inc,1.0833333333333333,1.4799999999999998,0.7219766449082355,1.2331372278492239,2.223885505619252,0.05992939168871181,0.21546623811210172,0.5433333333333333,False
26,Amcor plc,1.4225796886582645,0.8011498102254958,0.8210218758182123,0.5122081523002885,0.5044998256835687,0.04627358889473734,0.32864758657166004,2.685099191770755,False
27,Ameren Corp,0.6333333333333333,0.21333333333333335,0.7206707316282451,0.17685313601555583,0.8927421000706312,0.028585939366694114,0.10233085836076138,1.2333333333333334,False
28,American Airlines Group Inc,0.5333333333333333,0.6133333333333334,1.0385001017122681,0.6231922601951237,0.5651788572992993,-0.030625866177342965,-7.11643198312337,1.8276487876561325,False
29,American Electric Power Co Inc,0.44,0.21666666666666667,0.7361918071980748,0.18155121978905367,0.789220946870723,0.02683932204367838,0.10178499319154606,1.4833333333333334,False
30,American Express Co.,1.7838695329873968,0.22333333333333336,0.8817929029615529,0.19298403841802592,0.5651788572992993,0.02905318975063087,0.2466208032690929,2.3333333333333335,False
31,American International Group Inc,1.7838695329873968,0.09333333333333334,0.8824028501525439,0.08980314358427229,0.5651788572992993,-0.0012569518859470582,-0.01289916206431843,0.5733333333333334,False
32,American Tower Corp (New),0.59,0.19999999999999998,0.8778577840881517,0.15179552738556504,0.22425589438135796,0.03911769454675879,0.339374498525338,5.293333333333334,True
33,"American Water Works Co, Inc.",0.5533333333333333,0.16333333333333333,0.7310784057903096,0.13034333902842343,0.7246896096731446,0.027574264695756783,0.1026666809023612,1.57,False
34,Ameriprise Financial Inc,0.6966666666666667,0.08333333333333333,0.9620580321816607,0.07122349637138072,1.2245307638261567,0.012335099914560986,0.32244465398674077,0.8533333333333334,False
35,AmerisourceBergen Corp.,0.9533333333333333,4.603333333333333,0.9572210982706176,4.4476472499494895,0.6255937207596959,-0.0037096799368566114,1.4026614991350597,1.6592162625520441,True
36,Amgen Inc,2.013333333333333,0.3666666666666667,0.8334373179575651,0.2598640956389617,0.35595534611390267,0.1243744758747088,0.7514190024010824,3.103333333333333,False
37,Amphenol Corp.,2.07,0.7833333333333333,0.5814657671838149,0.6500764829943839,1.4358701226969661,0.1081244269123308,0.2594672893989929,0.8033333333333333,False
38,Analog Devices Inc,1.5533333333333335,0.27999999999999997,0.4521502213638799,0.21685504648939613,2.117564877662797,0.06456789381919863,0.11808096871267589,0.49333333333333335,False
39,Ansys Inc.,2.3666666666666667,0.3666666666666667,0.2617528607532625,0.23255932542653324,4.720556695123158,0.09823654440795171,0.13161499293032977,0.7192162625520441,False
40,Anthem Inc,1.5866666666666667,1.3933333333333333,0.6027617672774706,1.290718653737582,1.7255062944718116,0.055748094192126126,0.14020382580493293,0.6333333333333333,False
41,Aon plc (Ireland),1.07,0.38666666666666666,0.8730962111539583,0.3234654460796809,0.5618059189487761,0.052110528622872736,0.4301631205084416,1.96,False
42,Apple Inc,1.34,0.7633333333333333,0.7459957643279839,0.6130292226976762,0.9339253176288169,0.16775370859090347,0.6816364246903194,1.3266666666666667,False
43,"Applied Materials, Inc.",2.6466666666666665,0.8533333333333334,0.5700691233372034,0.672541833208956,1.653171390013495,0.16351664384551126,0.38533008632619364,0.65,False
44,Aptiv PLC,1.4833333333333334,1.04,0.6626462530052691,0.9023510396885358,1.2590078766549355,0.08733660208039311,0.2653036049661914,0.9733333333333333,False
45,Archer Daniels Midland Co.,1.5999999999999999,1.4933333333333334,0.5654398209409233,1.4094432371592003,2.501042318115489,0.037103412352884065,0.08525050644219996,0.4666666666666666,False
46,Arista Networks Inc,5.093333333333334,0.6533333333333333,0.3040886002727055,0.4390882214084569,17.043452571532864,0.14860514155101673,0.21374913146225893,1.225099191770755,False
47,Assurant Inc,1.7838695329873968,0.22999999999999998,0.8715565515988629,0.20842803942080965,0.5651788572992993,0.00821389669958029,0.06367268745632572,0.37666666666666665,False
48,Atmos Energy Corp.,0.41,0.2366666666666667,0.5753255980837889,0.17831040607384838,1.6849861662682801,0.04273424420322236,0.10130953522237385,0.7066666666666667,False
49,"AutoZone, Inc.",0.9700000000000001,1.1533333333333333,1.132238275418908,0.949485473643518,0.5651788572992993,0.14222247435150653,-1.2657315148063568,1.8276487876561325,False
50,Autodesk Inc,0.8033333333333333,0.5466666666666666,1.04311283835692,0.5644690813922456,0.5651788572992993,-0.04006127846049409,0.35183900410032504,1.8276487876561325,False
51,Automatic Data Processing Inc.,1.05,0.36000000000000004,0.8769793736403804,0.30293594456665546,3.436397858304552,0.053804606001345616,0.4406287950104701,0.4333333333333333,False
52,"AvalonBay Communities, Inc.",0.7833333333333333,0.12,0.4289265396977728,0.07616564525062082,1.4862914862914864,0.0457443960263668,0.08005067422260038,0.6733333333333333,False
53,Avery Dennison Corp,1.1466666666666667,1.3033333333333335,0.7840341785608534,1.1932475020886029,0.6883927405666537,0.07898672550806206,0.37196698444398363,1.7,False
54,Baker Hughes Company,1.5966666666666667,0.44,0.638941802518416,0.5610349678336073,2.7163768543078888,-0.08513792273137956,-0.25131959319734704,0.41333333333333333,False
55,Ball Corp,0.9633333333333334,0.6766666666666667,0.8139340754905433,0.6390597071877915,0.47239974663789314,0.030693454787329377,0.16728172822777487,2.3266666666666667,False
56,Bank of America Corp,1.7838695329873968,0.04666666666666667,0.8939082712551297,0.03243776650537852,0.5651788572992993,0.009856632829911052,0.09174424381142411,0.89,False
57,Bank of New York Mellon Corp,1.7838695329873968,0.049999999999999996,0.8939170103537196,0.03749906023901103,0.5651788572992993,0.010366194960844562,0.09700120527609178,0.65,False
58,Bath & Body Works Inc,1.5433333333333332,1.5233333333333334,1.1159566407742856,1.4325728643607993,0.5651788572992993,0.054694866580238644,-0.6007879383472526,1.8276487876561325,False
59,Baxter International Inc,2.31,0.6533333333333333,0.5448043485466767,0.5683743190382456,1.78470126598338,0.07129951502508045,0.15406355192086896,0.6133333333333334,False
60,"Becton, Dickinson & Co",1.25,0.3333333333333333,0.5877635669091998,0.30055294741803384,1.2209302325581397,0.015256762766305396,0.036693071790323696,0.8966666666666666,False
61,Berkley (WR) Corp,1.7838695329873968,0.3033333333333333,0.777654706452131,0.2729234916671907,0.5651788572992993,0.02329422199021672,0.10472524256434775,0.4566666666666667,False
62,Berkshire Hathaway Inc,1.7838695329873968,0.3233333333333333,0.49355063016440814,0.26286763179744954,0.5651788572992993,0.05130397376948582,0.09971454882524523,0.26,False
63,Best Buy Inc,1.18,3.1533333333333338,0.7479321397072668,3.0212915434440895,3.2744107744107747,0.09631762463206157,0.38754317284053075,0.38999999999999996,False
64,Bio-Rad Laboratories Inc,4.49,0.46,0.28349986134546934,0.3428582580000813,9.090909090909092,0.0651594313239476,0.09094126826870723,0.11,False
65,Bio-Techne Corp,4.6466666666666665,0.39999999999999997,0.3409889445645952,0.3011853855968982,3.202252944188428,0.08108356995399234,0.12178129638711906,0.3333333333333333,False
66,Biogen Inc,1.96,0.54,0.5199319860519854,0.3506967155587402,2.217830478700044,0.18464027778117256,0.3849921093812691,0.5333333333333333,False
67,BlackRock Inc,2.89,0.08333333333333333,0.7996046224125816,0.06179010204232743,6.031746031746032,0.027130022645137034,0.1353952865708573,0.17,False
68,Boeing Co. (The),1.1733333333333333,0.66,1.060663381280763,0.6035260997097922,0.3873881101248933,0.002108875677587265,10.525831957200825,14.835099191770757,True
69,Booking Holdings Inc,2.5833333333333335,0.53,0.7039555089604966,0.4162424340669452,0.7466821353864543,0.13541224658421658,0.4290472797490859,1.63,False
70,BorgWarner Inc,1.62,0.96,0.5651203713141951,0.841646064039212,2.2252762507635073,0.06675874675446679,0.1521878955282816,0.5033333333333333,False
71,Boston Properties Inc,3.7533333333333334,0.13333333333333333,0.726724444187163,0.10092101737753995,0.48563597398225583,0.030485316906087464,0.11212113113599276,2.0700000000000003,False
72,Boston Scientific Corp.,1.1833333333333333,0.41,0.5441353749748575,0.3034708410254145,1.699250570218312,0.07689384777249833,0.17494540340074785,0.71,False
73,Bristol Myers Squibb Co.,1.5966666666666667,0.44,0.627550315415042,0.371304816255064,1.490575396825397,0.03033492568544045,0.05964955275193413,0.9233333333333333,False
74,Broadcom Inc (DE),2.4033333333333333,0.37000000000000005,0.5944834306602721,0.24713726121521118,0.9579161296718549,0.10797164424392065,0.23093810197426679,1.27,False
75,Broadridge Financial Solutions Inc,1.1900000000000002,1.1933333333333334,0.7009785340678586,1.0040723576516306,0.9272570741017342,0.11609902093306358,0.3873641599050053,1.1966666666666665,False
76,Brown & Brown Inc,1.2333333333333334,0.32,0.5643980329778951,0.24969541884698784,2.0382968002015622,0.052444657831586146,0.1205547043677524,0.5066666666666667,False
77,Brown-Forman Corp,3.563333333333333,0.6533333333333333,0.6908383438106921,0.47759886175156935,0.7169291435439827,0.15000053299706742,0.49018313206373465,1.58,False
78,CBRE Group Inc,1.19,1.57,0.6186002581924183,1.393986436375905,3.8707880813143967,0.06662263104600628,0.1757546852706283,0.48666666666666664,False
79,CDW Corp,1.3733333333333333,2.2666666666666666,0.868364246978092,2.0766894283854853,0.3119488212589063,0.08873142814497646,0.67816889764927,3.2566666666666664,True
80,CF Industries Holdings Inc,1.5933333333333335,0.35000000000000003,0.7617765742346583,0.32671489544482163,0.7154197999041608,0.029924636228590488,0.1255675324366741,1.4400000000000002,False
81,CME Group Inc,1.0166666666666666,0.056666666666666664,0.7023135299682891,0.02972183272947307,7.167277167277167,0.023451153587549848,0.07889796994970835,0.1466666666666667,False
82,CMS Energy Corp,0.86,0.26666666666666666,0.8113015246083967,0.22761935921878962,0.4209058456046408,0.02585759498233242,0.13701837929469216,2.6133333333333333,False
83,CSX Corp,1.6866666666666668,0.31,0.6730101628371946,0.22161687745110784,0.8006310694482738,0.08221530449104754,0.2518631967192408,1.2733333333333334,False
84,CVS Health Corporation,0.96,1.2466666666666668,0.7052572797399419,1.0838369276534283,0.9931925760725283,0.019305100202043842,0.06571179595915874,1.0866666666666667,False
85,Cadence Design Systems Inc,1.6466666666666667,0.7999999999999999,0.40689957737212595,0.5523013095631834,5.698853615520282,0.19471657117147223,0.3251967957672497,0.21666666666666667,False
86,Caesars Entertainment Inc (New),1.6300000000000001,0.3433333333333333,0.8299902347471931,0.30310819170854525,0.2576665194376375,-0.005939476949895224,-0.06174732140950843,4.18,True
87,Campbell Soup Co,0.6666666666666666,0.68,0.8716887929173818,0.5837464628523119,0.2795828266966418,0.05519986518277089,0.339279523614275,5.783333333333334,True
88,Capital One Financial Corp,1.7838695329873968,0.08666666666666667,0.8566342837430369,0.07055713842217753,0.5651788572992993,0.012263523695743558,0.085699656602275,0.9233333333333333,False
89,"Cardinal Health, Inc.",1.08,3.5833333333333335,0.88332457761077,3.593144042042603,0.6184864518197851,-0.016994002901103516,-0.6027718435221628,2.183333333333333,True
90,Carmax Inc.,2.4833333333333334,1.01,0.8173991623337783,0.9295605901479377,0.2518716126218333,0.041708762834651386,0.22896428269226202,4.09,True
91,Carnival Corp,0.5633333333333334,0.3466666666666667,0.4923339919584795,0.35405814947971675,2.227501624431449,-0.016766102692275867,-0.08371632831125013,0.7266666666666667,False
92,Carrier Global Corp,1.4566666666666668,0.7522415717794146,0.49373903985657147,0.6990239306826865,0.5838252423403195,0.09973382902618651,0.22117285894460006,1.765099191770755,False
93,Catalent Inc,2.2666666666666666,0.51,0.6464602890164033,0.42656646084945393,0.7979876832335848,0.023016423811766076,0.06664578625084437,1.55,False
94,Caterpillar Inc.,1.4566666666666668,0.64,0.8131652654238568,0.5738517463838454,0.5685295341607305,0.06474599697447302,0.3503584183442134,2.533333333333333,False
95,Cboe Global Markets Inc,1.5,0.5299999999999999,0.4069402436068536,0.4363510113630527,3.4529196293902173,0.07510416316008396,0.12770865776295282,0.3333333333333333,False
96,Celanese Corp (DE),1.7033333333333334,0.66,0.6972684020625383,0.5165687093531958,0.9407502131287298,0.13382499477678714,0.4357666344001308,1.2666666666666666,False
97,Centene Corp,1.2166666666666668,2.1266666666666665,0.655164864426439,1.7651520852252744,1.3650789978057236,0.029219848073131143,0.0859472472076513,0.7833333333333333,False
98,"CenterPoint Energy, Inc",1.2433333333333334,0.3433333333333333,0.7387916600998375,0.3159773841181929,0.7462663004009977,0.00428350386721396,0.01590013844241463,1.5200000000000002,False
99,Ceridian HCM Holding Inc,1.0666666666666667,0.1366666666666667,0.6934586443654659,0.13530370646635445,2.802843568034866,1.1628467427230818e-05,-0.0004932190157132532,0.37333333333333335,False
100,Cerner Corp.,2.24,0.8066666666666666,0.34772650494987994,0.6943955915870066,6.203703703703703,0.0914766360460965,0.14150150262044106,0.21,False
101,Charles River Laboratories International Inc.,1.4933333333333334,0.62,0.641641419715937,0.5000052365902077,0.9301028213389047,0.05958655962762999,0.16610049652440603,1.1233333333333333,False
102,Charter Communications Inc (New),0.38333333333333336,0.3133333333333333,0.791473559728344,0.29964490180958797,0.40968172983479106,0.01400539066265605,0.07409767357861052,2.6666666666666665,True
103,Chevron Corporation,1.1666666666666667,0.5533333333333333,0.4115380033927804,0.5398768322770623,4.879385964912281,0.0158643176950307,0.024699448958740943,0.25,False
104,Chipotle Mexican Grill Inc,1.7166666666666668,1.6199999999999999,0.5654778614380336,1.3453610961373215,0.5651788572992993,0.06866362433217678,0.16888500003304338,1.8276487876561325,False
105,Chubb Ltd,1.7838695329873968,0.20000000000000004,0.6919439062199911,0.16986002265186376,0.5651788572992993,0.02243558888387248,0.07289435597697076,0.25666666666666665,False
106,Church & Dwight Co Inc,0.8300000000000001,0.6866666666666666,0.595868447693127,0.5685919025862618,1.5921997214186223,0.09739825223621619,0.24092797808178676,0.7833333333333333,False
107,Cigna Corp (New),1.7838695329873968,0.8233333333333334,0.7058263592345564,0.7435961983847208,0.5651788572992993,0.03479490587145396,0.11497691543477455,0.81,False
108,Cincinnati Financial Corp.,1.7838695329873968,0.2866666666666667,0.6209820995492977,0.2320525401731942,0.5651788572992993,0.04527738530679149,0.11726686998110271,0.09333333333333334,False
109,Cintas Corporation,2.38,0.9466666666666667,0.5803004522030802,0.8090119599739748,1.210923187840537,0.11810415986986024,0.28161081118708503,0.86,False
110,Cisco Systems Inc,1.8399999999999999,0.47333333333333333,0.6199277270718969,0.4219714858460642,2.559682473809942,0.07935628578613425,0.21481192484912512,0.5666666666666667,False
111,Citigroup Inc,1.7838695329873968,0.04666666666666667,0.9034592632383988,0.039578978176026104,0.5651788572992993,0.008080816554023497,0.08258335619263357,1.2766666666666666,False
112,Citizens Financial Group Inc (New),1.7838695329873968,0.04666666666666667,0.8708989480164688,0.03635176416568985,0.5651788572992993,0.00909767971594503,0.0699880614133414,0.36999999999999994,False
113,Citrix Systems Inc,0.8266666666666667,0.6233333333333334,0.8924169299852139,0.5187474389907679,0.6467333746533164,0.12352782742795985,2.1136168627250584,6.576666666666667,True
114,Clorox Co (The),1.14,1.2233333333333334,0.8670371696156879,1.0108657039017694,0.29625216019578166,0.15802146958999866,1.2115516574751377,3.7600000000000002,True
115,Coca-Cola Co (The),1.0433333333333332,0.39666666666666667,0.7850431471315575,0.3076951754822237,0.6138551142601131,0.08977478484504947,0.416752482861755,2.3433333333333333,False
116,Cognizant Technology Solutions Corp.,2.5366666666666666,1.03,0.3205273261988458,0.9016932264312297,16.666666666666668,0.10932032345657022,0.15983068529028252,0.06666666666666667,False
117,Colgate-Palmolive Co.,1.0533333333333335,1.1533333333333333,0.9846447512934837,0.9441832163285214,0.2274833440741031,0.17469307997914152,0.10951484849038451,26.375882929218708,True
118,Comcast Corp,0.8533333333333334,0.41,0.690535933844432,0.3441951020115975,0.8050083982287372,0.04488067996829829,0.14609040778029958,1.3166666666666667,False
119,"Comerica, Inc.",1.7838695329873968,0.04666666666666667,0.9009441122394453,0.03291141155123197,0.5651788572992993,0.013046209869119035,0.128966651252705,0.3933333333333333,False
120,Conagra Brands Inc,0.9966666666666666,0.62,0.6535346661223804,0.5143580155283701,0.9052546110068235,0.048670096347742386,0.13947292232980757,1.2433333333333334,False
121,ConocoPhillips,2.1466666666666665,0.45,0.5236094222274993,0.41090895751903805,2.1831427606503593,0.049409361317839656,0.10364248771578717,0.47,False
122,Consolidated Edison Inc,0.6733333333333333,0.22,0.6932800189769539,0.19124866731831303,0.949726888238215,0.022086535418797435,0.07185455612135151,1.1433333333333333,False
123,Constellation Brands Inc,1.4866666666666666,0.33666666666666667,0.5782901128302985,0.24076621752801777,1.0018290545580093,0.07667102466508102,0.18699472212479806,1.1166666666666667,False
124,"Cooper Companies, Inc. (The)",1.45,0.42,0.437656707241183,0.3551268555781315,2.433862433862434,0.044216958516561655,0.07775134402574864,0.5266666666666667,False
125,Copart Inc,2.57,0.8033333333333333,0.29876733513689485,0.5354723102391851,4.9318181818181825,0.20529715596141754,0.2927150560062562,0.21333333333333335,False
126,Corning Inc,2.12,0.39999999999999997,0.5403840870989264,0.3623969750401648,1.825127660883475,0.02953792078586212,0.06343017782968968,0.5766666666666667,False
127,Corteva Inc,1.73,0.33,0.4179464934699524,0.3173814157424559,25.0,0.015967549063284014,0.027433129229777635,0.04,False
128,Costco Wholesale Corp,1.0533333333333335,3.513333333333333,0.6738904156032658,3.2010797232279384,2.446995058185876,0.0764624745606948,0.23459579518119947,0.45999999999999996,False
129,Coterra Energy Inc,1.5666666666666667,0.43,0.5111318235489254,0.3256854036531636,1.9690963674721047,0.10959185178129416,0.22460797616461314,0.5566666666666666,False
130,Crown Castle International Corp (New),0.6866666666666666,0.16,0.705384744200658,0.13194604045305391,0.600360844982375,0.023356091864092803,0.08312181628062332,1.72,False
131,"Cummins, Inc.",1.64,1.1433333333333333,0.6259407236322114,1.0036848925067654,3.8431938431938435,0.10196625633438967,0.2714431291409746,0.39333333333333337,False
132,DENTSPLY SIRONA Inc,1.7433333333333334,0.42,0.4289501730746404,0.45989332234549285,3.099078341013825,-0.031568647846191476,-0.054167957543004665,0.35333333333333333,False
133,DISH Network Corp,0.91,0.4266666666666667,0.6702036666506889,0.3654008293897623,0.8413587217935045,0.04656840750378633,0.144057863098489,1.3733333333333333,False
134,DTE Energy Co,0.9333333333333332,0.33666666666666667,0.722035683134454,0.29098090489373335,0.7412859709982939,0.029614842351183158,0.10655395722838186,1.4866666666666666,False
135,DXC Technology Co,1.0266666666666666,0.8333333333333334,0.6776207795301564,0.7635884240812314,1.5878263652155742,-0.03744295542752524,-0.29399184201500606,1.1166666666666667,False
136,DaVita Inc,1.5166666666666666,0.6333333333333333,0.8671760025227492,0.6112775505331844,0.29823118058412174,0.03357551175498183,0.32744617053386726,4.123333333333333,True
137,Danaher Corp,2.8400000000000003,0.3566666666666667,0.4668057143935953,0.2817467132847119,2.0788065425479254,0.05058277644502635,0.09500629574651161,0.5333333333333333,False
138,"Darden Restaurants, Inc.",0.54,1.3166666666666667,0.6527744263564891,1.1605458970522209,2.4816849816849818,0.07492017206448737,0.1824142000677921,0.44,False
139,Deere & Co.,0.7166666666666667,0.5233333333333333,0.8367969724827197,0.47629295435294033,0.3958510556327283,0.03832421453554731,0.2358303993882435,3.7566666666666664,True
140,Delta Air Lines Inc (DE),0.6133333333333334,0.5933333333333334,0.837864331075609,0.5786988862061654,1.1489110031114198,-0.010953084659157878,-2.4919241865547677,6.816666666666667,True
141,Devon Energy Corp.,2.0833333333333335,0.4033333333333333,0.605490662536651,0.542934818534408,1.2032646260834179,-0.04655381739458883,-0.21885918322387524,0.96,False
142,DexCom Inc,6.2299999999999995,0.66,0.6198614387096089,0.5042791578747273,0.8471322184078963,0.030307231096002182,0.06439129757304614,1.2266666666666666,False
143,"Diamondback Energy, Inc.",0.6966666666666667,0.15666666666666665,0.4344941075350317,0.21196696091669054,2.343942473515644,-0.06900411698906571,-0.1445999989611559,0.4666666666666666,False
144,Digital Realty Trust Inc,0.49666666666666665,0.13333333333333333,0.5540594929918825,0.1088526931592333,1.068860877684407,0.016316321186900882,0.03735084517851679,0.9633333333333334,False
145,Discover Financial Services,1.7838695329873968,0.12,0.8993206937200116,0.09788555621907724,0.5651788572992993,0.02035858719069306,0.2001801519829101,2.19,False
146,Discovery Inc,1.5533333333333335,0.3433333333333333,0.7140631382274155,0.2840863240942827,0.637865766318805,0.03844708127100888,0.13216901687164398,1.6866666666666665,False
147,Disney (Walt) Co. (The),1.0533333333333335,0.47333333333333333,0.5441550055290326,0.3717702587934459,2.256675279931094,0.05684849718867164,0.11613581428163655,0.5533333333333333,False
148,Dollar General Corp,1.3733333333333333,1.83,0.5769788280519081,1.5711406827235965,2.291128337639966,0.10611923312213585,0.25147293292124434,0.4566666666666667,False
149,Dollar Tree Inc,1.6166666666666665,1.4433333333333334,0.6075870015336968,1.4097638541360702,1.5388850915166703,0.00979421163360232,0.029663553433596713,0.7166666666666667,False
150,Dominion Energy Inc (New),0.64,0.16333333333333333,0.7204842557045942,0.14621066844579012,0.7859294286561479,0.013435051616015435,0.04959679511848311,1.3333333333333333,False
151,Dominos Pizza Inc.,1.6933333333333334,3.2900000000000005,3.642536149753552,2.6755125719502963,0.5651788572992993,0.33411332249828857,-0.1284146618834875,1.8276487876561325,False
152,Dover Corp,1.4466666666666665,0.7766666666666667,0.6497644863227974,0.7227415006158852,1.0169203038065102,0.07367994081478163,0.2104568306861696,1.0233333333333332,False
153,Dow Inc,1.71,0.6733333333333333,0.7424081538801491,0.6866822353514032,0.9960754050852177,0.01853921974831915,0.05527652562474094,1.1266666666666667,False
154,DuPont de Nemours Inc,1.7466666666666668,0.38224157177941454,0.454796912607444,0.2439696171555258,4.158998895841001,-0.004658511513460923,-0.007904536473047334,0.37666666666666665,False
155,Duke Energy Corp,0.6,0.16,0.7028278516525375,0.141037811890811,0.8571568916396504,0.01680423133254393,0.05653361240123148,1.3133333333333335,False
156,Duke Realty Corp,1.0633333333333332,0.11666666666666665,0.4135055798929224,0.07102512518578391,1.664558470366093,0.04434350989908683,0.07531712464743136,0.6033333333333334,False
157,"EOG Resources, Inc.",1.4100000000000001,0.44333333333333336,0.42647510159372515,0.375938123831247,4.322287199480182,0.052512416117366685,0.09105466274537037,0.27999999999999997,False
158,Eastman Chemical Co,1.8066666666666666,0.58,0.6301718036655659,0.5320275140612188,1.0645490771510364,0.04821857222560091,0.1309549395305567,0.9866666666666667,False
159,Eaton Corp plc,1.5766666666666669,0.6333333333333334,0.5075279467613244,0.5758307483921565,2.1831427606503593,0.06023108462744118,0.12169851211516074,0.51,False
160,Ecolab Inc,1.45,0.6866666666666666,0.6149810806327873,0.6720060186671271,1.2136746910182976,0.026468055671116847,0.05420878320930961,0.8966666666666666,False
161,Edison International,0.5833333333333334,0.21,0.8021527264298314,0.1958450768493393,0.7249466950959489,0.007712610338404422,0.03622709935511348,1.5133333333333334,False
162,Edwards Lifesciences Corp,3.1266666666666665,0.6866666666666666,0.3795588012979414,0.521578011536584,6.699440909967225,0.13692977725933556,0.2207816094608472,0.15333333333333335,False
163,"Electronic Arts, Inc.",2.56,0.5800000000000001,0.399362843022927,0.38070830496684466,9.936204146730462,0.1695863388515955,0.27515001149994217,0.18000000000000002,False
164,Emerson Electric Co.,1.26,0.8466666666666667,0.5974062155435886,0.7257337872067108,2.0378510378510377,0.10214092929126506,0.25336983611482017,0.7033333333333333,False
165,Enphase Energy Inc.,1.9233333333333331,1.08,0.7307224374884002,0.7157755543196908,34.242272347535504,0.10113099050376852,-0.20879803900805183,5.0633333333333335,False
166,Entergy Corp,0.5766666666666667,0.21,0.8058983771588252,0.18189625135015985,0.5748693478754828,0.02211556160341019,0.11368722777750663,2.013333333333333,False
167,Equifax Inc,0.9933333333333333,0.47,0.6366223270741695,0.43477327436356195,0.970234384423005,0.015199438918008528,0.03532054716588199,1.18,False
168,Equinix Inc,1.2066666666666668,0.24666666666666667,0.6269197456719181,0.21726850969110467,0.7798148793617599,0.01763775335548901,0.047593943440624585,1.36,False
169,Equity Residential,0.24333333333333332,0.12666666666666668,0.4983752078335968,0.08588706725901318,1.2005261324680563,0.04103613725165853,0.08183488603763484,0.8366666666666666,False
170,Essex Property Trust Inc,1.2433333333333334,0.11666666666666665,0.513495038928142,0.07785023132385809,1.0534675947869134,0.03668516320190647,0.07589317332514293,0.9533333333333335,False
171,Etsy Inc,5.043333333333333,0.7799999999999999,0.6610202725029889,0.5414400517879178,0.7823513410924631,0.09778192043853151,0.29984351680798865,1.4766666666666666,False
172,Everest Re Group Ltd,1.7838695329873968,0.3133333333333333,0.6834470417764358,0.2782368355001887,0.5651788572992993,0.01893381406579569,0.058831337678719405,0.11666666666666668,False
173,Evergy Inc,0.6366666666666666,0.20333333333333334,0.6520534132504805,0.15896649294790285,1.1417701408921777,0.023174525041641317,0.06745906683001998,1.0633333333333332,False
174,Eversource Energy,0.6233333333333334,0.21333333333333335,0.6959153523562486,0.18205009745633371,0.8929045986568109,0.02508686855693623,0.08253305749962396,1.26,False
175,Exelon Corp,1.0,0.28,0.7443668823903172,0.2587621029941043,0.9435654995943331,0.01848960854209292,0.07223025482617411,1.19,False
176,Expedia Group Inc,0.7999999999999999,0.49333333333333335,0.8172361272517487,0.5182812788996857,0.7836464335416117,-0.030285818503921546,-0.2634142316912057,1.7966666666666669,False
177,"Expeditors International of Washington, Inc.",2.1733333333333333,2.4,0.4220879890227048,2.0783771620892666,0.5651788572992993,0.16256786699193926,0.2806196264908319,1.8276487876561325,False
178,Extra Space Storage Inc,0.26,0.15666666666666665,0.7078649606680072,0.09891778395719057,0.5209841028610026,0.051137606750019084,0.17549824815991424,2.08,False
179,Exxon Mobil Corp,0.8066666666666666,0.7033333333333333,0.48172373434214083,0.6940364965064357,6.522366522366522,0.010769045141634395,0.013562878752040828,0.29,False
180,"F5 Networks, Inc.",1.4166666666666667,0.7266666666666666,0.503284407558011,0.5425061097478446,2.3375702185916896,0.12200524811777298,0.24449340993516333,1.275099191770755,False
181,FMC Corp.,1.4666666666666668,0.47000000000000003,0.713276799173114,0.4146006090313743,1.0906685906685907,0.05094525125028854,0.17853379029822128,1.0866666666666667,False
182,Facebook Inc,5.546666666666667,0.6033333333333334,0.19092330461284412,0.36486858618395646,0.5651788572992993,0.1829047548314345,0.22431703616687906,1.8276487876561325,False
183,Fastenal Co.,4.63,1.5133333333333334,0.3052843102928439,1.2238920706611385,6.643356643356643,0.21706598257552837,0.31251870639627777,0.16666666666666666,False
184,FedEx Corp,1.4733333333333334,1.2300000000000002,0.6845954105067472,1.119413001806274,1.0543286351258343,0.03826078022250992,0.1120596227050092,1.0133333333333334,False
185,Federal Realty Investment Trust (MD),1.5766666666666669,0.1366666666666667,0.6433326451522273,0.09507870339476228,0.685642027471113,0.03595033343416199,0.09871383155642294,1.4799999999999998,False
186,Fidelity National Information Services Inc,0.9433333333333334,0.22999999999999998,0.46410398295525446,0.19544321631113837,2.386204481792717,0.013677136516545863,0.030683919834895,0.5666666666666667,False
187,"Fifth Third Bancorp (Cincinnati, OH)",1.7838695329873968,0.05333333333333334,0.8835500561727904,0.038873062831215645,0.5651788572992993,0.012272277588095841,0.1050577120640287,0.7433333333333333,False
188,"First Republic Bank (San Francisco, CA)",1.7838695329873968,0.03666666666666667,0.9151122637518702,0.026446677569258833,0.5651788572992993,0.008025397236573743,0.09446419156544412,0.15666666666666665,False
189,FirstEnergy Corp,0.5866666666666667,0.26333333333333336,0.8340890917367858,0.2350484853959616,0.3552703447313396,0.02649120085475856,0.15922520606133758,3.0833333333333335,True
190,Fiserv Inc,1.0766666666666669,0.32,0.6459352796460327,0.2392370946776747,1.1623561623561622,0.04325134137713493,0.19145740305530054,1.3,False
191,FleetCor Technologies Inc,0.9633333333333334,0.21666666666666667,0.6996916959523299,0.14615320150363628,1.1394588393147433,0.06947352755658803,0.23132505085392988,1.12,False
192,Ford Motor Co. (DE),1.1866666666666665,0.57,0.8722492111969241,0.564670292589831,0.3209298291265505,0.0032430851699604014,0.02069122430537776,4.746666666666666,True
193,Fortinet Inc,1.7166666666666668,0.65,0.7066469369644586,0.48961500446651707,0.5651788572992993,0.10424630091399645,0.38217210262658524,1.8276487876561325,False
194,Fortive Corp,1.3533333333333335,0.4366666666666667,0.5022956804438333,0.27993517473667534,2.29522792022792,0.12288541544517594,0.24059486093526808,0.6166666666666667,False
195,"Fortune Brands Home & Security, Inc.",1.3733333333333333,0.93,0.6239774042905956,0.8181303445850583,1.210479815221362,0.0697106015745929,0.1853761165569389,0.9666666666666668,False
196,Fox Corp,3.6266666666666665,0.7200000000000001,0.4316155121622731,0.5429557347859459,1.1005299591345146,0.09812251372153313,0.1624248370153931,1.099216262552044,False
197,Franklin Resources Inc,2.936666666666667,0.37333333333333335,0.37662453318755196,0.3123470106057697,9.70376522702104,0.058310735677659674,0.09230083568619522,0.19333333333333333,False
198,Freeport-McMoRan Inc,2.8033333333333332,0.38666666666666666,0.7662185340555938,0.3536891285818567,0.957740262606201,0.023330673843323827,0.09957850449793564,1.05,False
199,Gallagher (Arthur J.) & Co.,1.06,0.39999999999999997,0.728326951674947,0.3316879058153836,1.4166340253296774,0.03650398782937724,0.13429895209648654,0.8066666666666666,False
200,Garmin Ltd,2.9966666666666666,0.6466666666666666,0.22160543405003083,0.4673573022848491,0.5651788572992993,0.141508194987939,0.18177540209606294,1.8276487876561325,False
201,Gartner Inc,0.73,0.6,0.8608393521022911,0.5687336850547337,0.47195919252954727,0.02960966778136266,0.21237156983948635,2.2733333333333334,False
202,Generac Holdings Inc,2.3366666666666664,0.8733333333333334,0.6231811474467924,0.7093110425199413,1.247825793640318,0.1003635442348148,0.2698440088936989,0.9066666666666666,False
203,General Dynamics Corp,1.2533333333333332,0.8333333333333334,0.719470906084187,0.7117256744105508,1.366019892805607,0.06890807039952451,0.24798338382115212,0.9233333333333333,False
204,General Electric Co,1.5566666666666666,0.33,0.8843588818025624,0.3779861619485157,0.4175747774477829,-0.02284183619783373,-0.2456557413823095,2.9166666666666665,False
205,General Mills Inc,0.61,0.5766666666666667,0.7678678112825361,0.4825525692281682,0.6089305389705161,0.0661987676084317,0.2887094333798029,2.103333333333333,False
206,General Motors Co,0.9366666666666666,0.6,0.8181127913124474,0.5591098694344107,0.5940367455464561,0.030699741034709755,0.17001267168813797,2.5366666666666666,False
207,Genuine Parts Co.,1.2433333333333334,1.36,0.7461970881936358,1.3091922692717464,1.3367278956885886,0.03471480935948106,0.13160824179077207,0.8933333333333334,False
208,Gilead Sciences Inc,2.6266666666666665,0.3566666666666667,0.6775110792049812,0.2992734313993532,0.8423053519386153,0.058288078171490065,0.16697702759819322,1.3666666666666665,False
209,Global Payments Inc,1.0866666666666667,0.20000000000000004,0.4845717256869813,0.15857984460913374,2.349920091855576,0.019023922915655495,0.05003362077182102,0.7166666666666667,False
210,Globe Life Inc,1.7838695329873968,0.17666666666666667,0.7275915925111591,0.14629771410378958,0.5651788572992993,0.02828387224646835,0.10575542596827096,0.21,False
211,Goldman Sachs Group Inc,1.7838695329873968,0.056666666666666664,0.9099416228153615,0.04293067229061137,0.5651788572992993,0.00929453153177595,0.10278810697006495,2.8800000000000003,False
212,Grainger (W.W.) Inc.,2.4033333333333338,1.92,0.6912038289031628,1.7708117599262472,0.8838879192314238,0.12831299204525612,0.41498617442039243,1.22,False
213,HCA Healthcare Inc,1.4033333333333333,1.1866666666666668,1.0588426669718805,1.0538552330192898,0.3829770886205333,0.0844755811100983,1.516555728222395,19.285099191770758,True
214,HP Inc,0.8133333333333334,1.7066666666666668,1.0394487323225703,1.5825339029436343,0.5651788572992993,0.11001619703312009,-4.0850077219195535,1.8276487876561325,False
215,Halliburton Company,2.2533333333333334,0.8133333333333334,0.692424769637598,0.8760896157299879,0.7453677506599092,-0.04107986890176723,-0.1864430071500268,1.4566666666666668,False
216,HanesBrands Inc,1.7233333333333334,0.93,0.8641334787768851,0.8675350721255729,0.29093944511822695,0.049364743283463706,0.3209850879990741,3.9166666666666665,True
217,Hartford Financial Services Group Inc.,1.7838695329873968,0.24,0.7698688070508247,0.26404265313029346,0.5651788572992993,0.02729381872388582,0.11989563600103514,0.27666666666666667,False
218,"Hasbro, Inc.",3.1300000000000003,0.7000000000000001,0.6868726353258209,0.5957189931770448,0.7975955294048824,0.04040779870396366,0.12540071853799648,1.36,False
219,Healthpeak Properties Inc,0.38000000000000006,0.13333333333333333,0.55752909080678,0.09273410029819366,1.0335456886589351,0.03755023405137816,0.0823021865221334,0.9700000000000001,False
220,Hershey Company (The),1.1833333333333333,1.0433333333333332,0.7866963063062674,0.8169382825990884,0.4894144914087803,0.1447101556223743,0.6917392395672651,2.566666666666667,False
221,Hess Corp,1.7266666666666666,0.27666666666666667,0.6215836636050122,0.35067593184641394,1.0848922560547327,-0.06540868368439354,-0.21747274271574857,1.0433333333333332,False
222,Hewlett Packard Enterprise Co,0.89,0.5266666666666667,0.6633625893005809,0.5230792955595241,1.7391015417331206,0.016223733458580126,0.043707795852186426,0.79,False
223,Hilton Worldwide Holdings Inc,1.0733333333333333,0.5166666666666667,1.0272610625725929,0.4848511175954538,0.4020575753236168,0.023606427629975456,0.012878271631606486,5.625099191770755,True
224,Hologic Inc,1.5666666666666667,0.49,0.6532496429600392,0.4615155396096955,0.8801773034446301,0.03599413922401248,0.09006168776668855,1.3166666666666667,False
225,Home Depot Inc,1.12,2.3433333333333333,1.0236142145584066,2.0701282032999053,0.39675794401139625,0.2219850291219573,-1.1980683450242144,7.4150991917707545,True
226,Honeywell International Inc,1.3666666666666665,0.6233333333333334,0.6993612272380302,0.5195644961297838,1.5312624452409398,0.0985929348253184,0.3254065741574635,1.01,False
227,Hormel Foods Corp.,2.106666666666667,1.17,0.3111327536366489,0.9922152519710487,13.446969696969697,0.11222045860545375,0.1624449739243348,0.11666666666666665,False
228,Horton (DR) Inc,9.09,1.19,0.36510876228830463,1.0023179820588357,2.832244008714597,0.11089242735243439,0.1748437149247236,0.35333333333333333,False
229,Host Hotels & Resorts Inc,14.71,0.3466666666666667,0.4316566271601461,0.30638388879071254,1.6734082910553498,0.035962387647514436,0.051648381261451826,0.6366666666666667,False
230,Howmet Aerospace Inc,1.8333333333333333,0.63,0.709061727553645,0.644252149701675,0.8833837438187141,0.027963692974298696,0.09672770580830332,1.2833333333333332,False
231,Humana Inc.,1.7838695329873968,2.313333333333333,0.597858822705691,2.1406900998292646,0.5651788572992993,0.08520615739474065,0.21192945935401852,0.49000000000000005,False
232,"Hunt (J.B.) Transport Services, Inc.",1.4133333333333333,1.7433333333333334,0.5781036404305683,1.5722894197451467,2.026655786753706,0.09196318445756818,0.21845083761298245,0.54,False
233,Huntington Bancshares Inc,1.7838695329873968,0.05000000000000001,0.8947103969933229,0.036835823016343854,0.5651788572992993,0.010796828889283329,0.10265995355293611,0.75,False
234,"Huntington Ingalls Industries, Inc.",0.9966666666666667,1.28,0.7678619462461121,1.1332683598998567,1.1782113316959466,0.09812705344833743,0.42109738819165493,0.85,False
235,IDEX Corporation,3.5566666666666666,0.6566666666666666,0.4189880255347789,0.5288047490714399,2.4653949109870537,0.10511290751822516,0.18085758541469318,0.4066666666666667,False
236,IHS Markit Ltd,0.5833333333333334,0.26666666666666666,0.4829686604099263,0.22359617240338228,1.7384446817271388,0.03965783289967173,0.07647644388946186,0.6333333333333333,False
237,IPG Photonics Corp,9.08,0.5033333333333333,0.1268259672514008,0.3934075612239494,66.66666666666667,0.09243404608995798,0.10659134318025194,0.016666666666666666,False
238,IQVIA Holdings Inc,1.09,0.47,0.7332551301547255,0.4566661618681069,0.5411847257181669,0.010352960796622141,0.03896192851138675,1.89,False
239,"Idexx Laboratories, Inc.",1.2033333333333334,1.3666666666666665,0.8779556085776399,1.066837993392913,0.5180933605151142,0.24406808836163837,-12.100926165602218,2.9458829292187105,False
240,"Illinois Tool Works, Inc.",2.35,0.8966666666666666,0.7921978940898339,0.7533815951571993,0.447000535371437,0.15825235121796954,0.7612526838583525,2.46,False
241,Illumina Inc,4.260000000000001,0.49333333333333335,0.4035303569690307,0.34937146361532695,5.103174603174604,0.11404726293190014,0.19225428903245145,0.3433333333333333,False
242,Incyte Corporation,4.293333333333333,0.7433333333333333,0.2601571463982729,0.6671245402151884,100.0,0.02958720736416132,0.03853481139427333,0.013333333333333334,False
243,Ingersoll Rand Inc,2.5,0.5333333333333333,0.5515259322182947,0.44754354571958305,1.5179480295759367,0.03077995084011857,0.08072439493017657,0.7633333333333333,False
244,Intel Corp,1.68,0.5533333333333333,0.43861935465679985,0.3780690689617015,2.813852813852814,0.15173613080268583,0.2698988193438014,0.38999999999999996,False
245,Intercontinental Exchange Inc,0.9966666666666667,0.07,0.8258398357152044,0.04793739428542981,2.4512670565302144,0.01947804122887385,0.11157978983650467,0.5766666666666667,False
246,International Business Machines Corp,1.0966666666666667,0.56,0.8649564086760752,0.48515485856406687,0.4117004588702702,0.056183290210053895,0.41452258487202526,2.9133333333333336,False
247,International Flavors & Fragrances Inc.,2.04,0.4066666666666667,0.5328207791273711,0.3277398094795417,1.5208333333333333,0.029090958377849984,0.06226218754273579,0.7166666666666667,False
248,International Paper Co,1.2066666666666668,0.6633333333333333,0.767559434053123,0.6332565605705817,0.8375398389860171,0.03723967342116333,0.16449602316468712,1.25,False
249,Interpublic Group of Companies Inc.,0.9733333333333333,0.6,0.8433214721060619,0.534619262031857,0.88123126038094,0.032011567521409816,0.20540184655383617,1.32,False
250,Intuit Inc,1.7433333333333332,1.12,0.4938609850293045,0.7617663464817989,6.25,0.21624449440795038,0.42912424600376275,0.3233333333333333,False
251,Intuitive Surgical Inc,5.5566666666666675,0.49333333333333335,0.1428347032668922,0.3148531964399932,0.5651788572992993,0.1268043043420032,0.14825753680985632,1.8276487876561325,False
252,Invesco Ltd,8.756666666666666,0.16666666666666666,0.6593276211883575,0.14596031776216056,1.4765354781932423,0.019066283143150276,0.0600606712660671,0.7000000000000001,False
253,Iron Mountain Inc (New),0.7000000000000001,0.3333333333333333,0.8849113849495657,0.2946413368175784,0.18193220551805203,0.024742707929176207,0.22565175146095576,5.966666666666666,True
254,JPMorgan Chase & Co,1.7838695329873968,0.04666666666666667,0.9074812206913779,0.0356030130231961,0.5651788572992993,0.011514069131094333,0.12342762477589968,1.0333333333333334,False
255,"Jack Henry & Associates, Inc.",1.085,0.755,0.36403236646108045,0.5759846742691379,0.5651788572992993,0.15407583272609426,0.24379298923142545,1.8276487876561325,False
256,"Jacobs Engineering Group, Inc.",1.4433333333333334,1.2266666666666668,0.522587969584055,1.08921194728416,3.6376277755588102,0.04223746444164123,0.08695791652317403,0.3033333333333333,False
257,Johnson & Johnson,1.3133333333333332,0.5166666666666667,0.6234970160763904,0.41527472585196196,2.1064040629258023,0.09333210313840444,0.24758746280195357,0.5133333333333333,False
258,Johnson Controls International plc,1.2133333333333334,0.5633333333333334,0.5571314810074698,0.5210385571464192,2.4802236364717776,0.06464811918449449,0.14179328794125723,0.4466666666666667,False
259,Juniper Networks Inc,2.026666666666667,0.48666666666666664,0.49290539277759554,0.448754308983417,2.678994784257942,0.042357063329556,0.08303468175153152,0.4266666666666667,False
260,KLA Corp,2.983333333333333,0.6566666666666666,0.709739669390879,0.4822797157043564,0.7780681949479904,0.13479613541010557,0.46456192990969475,1.3233333333333333,False
261,Kansas City Southern,1.4033333333333333,0.2866666666666667,0.5442275633620162,0.22013675279133627,1.4102820388724056,0.06107986846590261,0.13476158851161832,0.7400000000000001,False
262,Kellogg Co,0.6933333333333334,0.7766666666666667,0.8414617551288132,0.7002795891273386,0.38632152620102206,0.06643776959146368,0.4217043453497498,2.9,True
263,KeyCorp,1.7838695329873968,0.05000000000000001,0.8884077486589893,0.0386671260845817,0.5651788572992993,0.011030764529252972,0.09837280816464954,0.7533333333333333,False
264,Keysight Technologies Inc,2.6533333333333333,0.6533333333333333,0.5573000866512462,0.5637992063158633,1.8017703237829021,0.0696537890287542,0.15490492039940976,0.6266666666666666,False
265,Kimberly-Clark Corp.,0.7666666666666666,1.2166666666666666,0.9927665316234652,1.066778899026408,0.4044484221552729,0.12416053955684958,-180.6588465599759,5.481765858437421,False
266,Kimco Realty Corp,3.433333333333333,0.09999999999999999,0.5299572583686873,0.044529902405853077,1.0229879568363391,0.056254589558445,0.1187312741400754,0.9833333333333334,False
267,Kinder Morgan Inc.,0.6733333333333333,0.17,0.5603964518924703,0.156146065734762,1.0077075819037011,0.017195676936292804,0.0388219128980221,1.0766666666666669,False
268,Kraft Heinz Co (The),1.1933333333333334,0.24666666666666667,0.4966585200390535,0.2794199417227973,1.756854256854257,-0.025290350791121356,-0.05090425843566116,0.5766666666666667,False
269,Kroger Co (The),0.7666666666666666,3.1466666666666665,0.8055698792431351,3.0029383716953064,0.6458424243586731,0.056504816247802354,0.2874575222133677,1.9400000000000002,True
270,L3Harris Technologies Inc,1.3166666666666667,0.5933333333333334,0.5897463273201717,0.5319197540923916,1.7402296706109162,0.06568446015813327,0.18410624945381313,0.84,False
271,LKQ Corp,2.283333333333333,1.03,0.5769208101062054,0.9418832929226468,1.495904995904996,0.04538079364913797,0.107111994792432,0.7400000000000001,False
272,Laboratory Corporation of America Holdings,1.43,0.7000000000000001,0.5612181837974034,0.6197213767704016,1.3754639412149638,0.05925832845383729,0.13396118162749976,0.7766666666666667,False
273,Lam Research Corp,3.313333333333333,0.8133333333333334,0.5743779330568913,0.6179639393036991,1.993312757201646,0.17601001544386183,0.4200577524077096,0.8133333333333334,False
274,Lamb Weston Holdings Inc,1.9266666666666667,1.1933333333333334,1.0238876187887926,0.9675714333711358,0.40351672550239304,0.12897229979309213,-34.58793908974425,6.135099191770755,False
275,Las Vegas Sands Corp,1.5199999999999998,0.4666666666666666,0.7938108492643737,0.41079614140289794,0.37003285252240875,0.04744554809666605,0.12596797590434908,3.0766666666666667,False
276,"Lauder (Estee) Cos., Inc. (The)",1.7166666666666668,1.07,0.6907572836943446,0.9200438336920721,1.2346801346801346,0.08743832937940682,0.27238317254157746,1.0333333333333334,False
277,"Leggett & Platt, Inc.",1.71,1.0933333333333335,0.6977162742047297,0.9792171017543141,0.7916300338513912,0.07061225669701553,0.23232217581871473,1.33,False
278,Leidos Holdings Inc,1.2466666666666666,1.16,0.6499174684519228,1.0473285347999377,1.0276935175822943,0.06255061089954575,0.17789137080409256,1.0133333333333334,False
279,Lennar Corp,18.290000000000003,0.7999999999999999,0.4483921221348864,0.6749575712334095,2.255344870356977,0.06823014809670418,0.12307234111305436,0.47,False
280,Lilly (Eli) & Co,1.43,0.5533333333333333,0.8629397330416438,0.41181412973917103,0.45875764227447724,0.13938815740269714,1.5392038768019098,3.373333333333333,True
281,Lincoln National Corp.,1.7838695329873968,0.05333333333333334,0.9436754488419021,0.048260062335991456,0.5651788572992993,0.003171414132834106,0.06044616467732666,0.33666666666666667,False
282,Linde plc,0.9933333333333333,0.29333333333333333,0.4482013471887152,0.2308668634521834,4.186091686091686,0.03388050926655062,0.06144276155279172,0.3066666666666667,False
283,Live Nation Entertainment Inc,1.0033333333333332,0.9033333333333333,0.9369385340889832,0.8823080010728551,0.43922082532818885,-0.049799316998420357,1.2570863205317038,2.425882929218711,False
284,Lockheed Martin Corp,1.2433333333333334,1.2666666666666666,0.9281760572936167,1.1226156945983428,0.3000186630973493,0.12609013373833866,2.249372467060861,5.396666666666666,True
285,Loews Corp.,1.7838695329873968,0.17333333333333334,0.769494898780914,0.1700426617876144,0.5651788572992993,0.002616648999496696,0.010321540501643382,0.59,False
286,Lowe's Companies Inc,1.0166666666666666,1.9933333333333332,0.8926747336025325,1.855169608135747,0.24939003545053082,0.09106330580444862,1.1309440560840602,5.71,True
287,Lumen Technologies Inc,0.61,0.32666666666666666,0.7739289865184574,0.38506675310624416,0.451851340475297,-0.0422647803165449,-0.19631389738887042,2.4166666666666665,False
288,LyondellBasell Industries NV,1.9533333333333331,1.15,0.7122127984167245,0.9954894616907611,0.8176126921117189,0.10592518305169323,0.34829680385326817,1.45,False
289,M & T Bank Corp,1.7838695329873968,0.05333333333333334,0.8755480119122051,0.038048196479093056,0.5651788572992993,0.01385113790355813,0.11013494240476222,0.4066666666666667,False
290,MGM Resorts International,1.7766666666666666,0.3166666666666667,0.7926998283248778,0.28798669653290915,0.5490018148820327,0.015880595639571348,0.05936477211034522,1.89,False
291,MSCI Inc,1.9866666666666666,0.41333333333333333,1.0576516096635216,0.2567533067691484,0.5651788572992993,0.1424354973159625,-3.918553988695587,1.8276487876561325,False
292,Marathon Oil Corp.,1.3800000000000001,0.23666666666666666,0.41423827660291845,0.24754274755342412,2.135076252723312,-0.0018981223606932367,-0.002508826206610628,0.47000000000000003,False
293,Marathon Petroleum Corp.,1.4733333333333334,1.14,0.6729910574451364,1.0601834593145045,1.0929047914197818,-0.019572461927502324,-0.09511198478317441,1.02,False
294,MarketAxess Holdings Inc.,5.29,0.6333333333333333,0.20075860260472436,0.3304513505204783,0.5651788572992993,0.22931395793478568,0.2879639686477893,1.8276487876561325,False
295,"Marriott International, Inc.",0.45999999999999996,0.7166666666666667,0.9535437805543626,0.6735528689126461,0.1261324026371333,0.04016159115299006,0.6823197433126881,14.63,True
296,Marsh & McLennan Companies Inc.,1.17,0.6233333333333334,0.7093063930707451,0.5173418828038784,0.9782789431039439,0.06434029613172142,0.22155095712701534,1.1833333333333333,False
297,"Martin Marietta Materials, Inc.",2.26,0.4666666666666666,0.4657561753942114,0.39379867927388607,2.087542087542088,0.05924821113606893,0.11059065237877147,0.5333333333333333,False
298,Masco Corp.,1.7299999999999998,1.3866666666666667,1.0111917518367293,1.198146431615764,0.40006337227774513,0.1779908846579897,-1.4381376466482851,5.9950991917707555,True
299,Mastercard Inc,1.4733333333333334,0.5866666666666667,0.7970397335818795,0.31006628394686936,0.7158319973189133,0.23474854818309165,1.1555671886233572,1.5333333333333332,False
300,Match Group Inc (New),2.9499999999999997,0.5733333333333334,0.8768780919465796,0.6027018072331962,0.9218603604539207,0.06204124945677041,0.08619817195195656,1.2292162625520442,False
301,McCormick & Co Inc,0.7133333333333334,0.5133333333333333,0.6779016887495155,0.4286971559584656,0.9250992063492064,0.07354741662687776,0.22958518783116721,1.33,False
302,McDonald's Corp,1.1166666666666667,0.51,1.1707451592867795,0.3507076839219363,0.5651788572992993,0.13242220053738626,-0.7616810882655033,1.8276487876561325,False
303,McKesson Corp,1.0066666666666666,3.6033333333333335,0.8729502566643137,3.5994647329810867,1.1222793621110594,0.005457999778151301,0.06259414250942036,1.0633333333333332,True
304,Medtronic PLC,2.3333333333333335,0.3233333333333333,0.44236905939792975,0.2829442248509903,2.1646857654491782,0.04613372016183224,0.08267972880535367,0.5033333333333333,False
305,Merck & Co Inc,1.1433333333333333,0.5333333333333333,0.6978331712989196,0.4405880684243539,1.1625716625716624,0.08968569300467018,0.297342166636334,1.0733333333333333,False
306,MetLife Inc,1.7838695329873968,0.09666666666666668,0.9133985789517224,0.08531412465834658,0.5651788572992993,0.007405956886551304,0.08627999416703876,0.28,False
307,"Mettler-Toledo International, Inc.",1.3833333333333335,1.1166666666666667,0.8411328480385759,0.8948926462479943,0.3864009222706555,0.20368455706969069,1.4448350868110567,3.1799999999999997,True
308,Microchip Technology Inc,1.3133333333333332,0.9066666666666666,0.664707679238118,0.33107254730780106,1.024166215264425,0.027689888210068115,0.08244588876784752,1.53,False
309,Micron Technology Inc.,2.6933333333333334,0.5633333333333334,0.26501629335728,0.35789345621097146,7.4252136752136755,0.16835457872403034,0.22751486919850436,0.15666666666666668,False
310,Microsoft Corporation,2.65,0.4633333333333334,0.6435680320034654,0.33074461973639696,1.5626289419392867,0.11597198787842351,0.3193649743368329,0.7233333333333333,False
311,Mid-America Apartment Communities Inc,1.7838695329873968,0.14666666666666667,0.4628601320108234,0.1202710438746809,1.3344218823670877,0.02465460702450424,0.04588839882974943,0.75,False
312,Moderna Inc,5.446666666666666,0.09999999999999999,0.37728707244118004,0.27917489575322796,36.111111111111114,-0.20710133516642024,-0.3268737260051467,0.03333333333333333,False
313,"Mohawk Industries, Inc.",1.7566666666666666,0.7433333333333333,0.4100948954677914,0.6721034583341332,4.611528822055138,0.05245416349111767,0.08932817899209479,0.36000000000000004,False
314,Molson Coors Beverage Co,0.6166666666666667,0.35333333333333333,0.5446647716891833,0.3555823647144076,1.6353187042842217,0.003577857512215371,0.007973581376543195,0.7066666666666667,False
315,Mondelez International Inc,0.5366666666666667,0.4066666666666667,0.5873543556361572,0.3466520821135521,1.8503982789697073,0.055426288309874595,0.13422499365374882,0.71,False
316,Monolithic Power Systems Inc,6.54,0.77,0.1948856526627203,0.568946076985403,0.5651788572992993,0.1274982254504437,0.15840862295185085,1.8276487876561325,False
317,Monster Beverage Corp (New),3.563333333333334,0.8333333333333334,0.18680325328640135,0.5787777670468082,0.5651788572992993,0.22056997924492935,0.27123987097515706,1.8276487876561325,False
318,Moody's Corp.,1.8533333333333333,0.48333333333333334,0.9218873542288651,0.3167817955340449,0.1473920231090715,0.13976185903522,2.101436945092142,8.516666666666666,True
319,Morgan Stanley,1.7838695329873968,0.056666666666666664,0.9078993525086695,0.045118792053762256,0.5651788572992993,0.01006713551764909,0.10930959428961991,2.283333333333333,False
320,Mosaic Co (The),1.42,0.45999999999999996,0.5076956325095362,0.4583377558039288,2.2306597057427626,0.0005698417082702703,-0.0004935776326878902,0.47333333333333333,False
321,Motorola Solutions Inc,1.2766666666666666,0.77,1.0848347847449389,0.643913304514629,0.5651788572992993,0.09049587291020285,-1.229272204619858,1.8276487876561325,False
322,NIKE Inc,2.3633333333333333,1.5433333333333332,0.642147721430746,1.373701590700616,2.1144742197373776,0.11222050913336055,0.31929915168675693,0.6566666666666666,False
323,NRG Energy Inc,1.9866666666666666,0.6900000000000001,0.9570199936411009,0.6240388203911172,0.34810558023083393,0.13786722755626935,0.9210368214320859,3.515882929218711,True
324,NVIDIA Corp,7.88,0.8666666666666667,0.309242745713955,0.5440204739276467,4.905202821869488,0.24802685224906407,0.36007194665160114,0.21333333333333335,False
325,NVR Inc.,5.793333333333333,2.013333333333333,0.42569451061235264,1.6306682549444036,2.972424400995829,0.21280201512521893,0.3688240722617677,0.36000000000000004,False
326,NXP Semiconductors NV,1.8333333333333333,0.42333333333333334,0.529918685965364,0.3990083341331472,1.3844790415079549,0.03910496870429391,0.08057945941228588,0.7766666666666667,False
327,Nasdaq Inc,1.18,0.3033333333333333,0.630046468918808,0.25161117020826124,1.633811667452153,0.045551108524908325,0.12211464007367336,0.7200000000000001,False
328,"NetApp, Inc.",1.5066666666666666,0.6466666666666666,0.8778664592308748,0.5904931941940785,0.832228249949769,0.08344072651456443,1.4978476160215661,2.3033333333333332,False
329,Netflix Inc,1.2133333333333334,0.6833333333333332,0.764482453853684,0.5552678349413459,0.5723905723905724,0.057293443269053834,0.24232942739526964,1.8,False
330,Newell Brands Inc,1.6633333333333333,0.5133333333333333,0.7077387098025864,0.7275764318133741,0.8168536306362236,-0.14534865810329953,-0.4989126118094212,1.3133333333333332,False
331,Newmont Corp,2.6999999999999997,0.31666666666666665,0.46700361085568143,0.23889596468061536,3.337712256118328,0.05167221712409817,0.09545987297753866,0.34,False
332,News Corp (New),1.2766666666666666,0.6033333333333334,0.438902715729603,0.6655538382523939,7.196969696969698,-0.057246763745301354,-0.10434081775977215,0.18000000000000002,False
333,NextEra Energy Inc,0.4533333333333333,0.16333333333333333,0.6901200095845813,0.11550843526813813,1.0472385031145255,0.03963200068400219,0.12540237774037563,1.1900000000000002,False
334,NiSource Inc. (Holding Co.),0.5766666666666667,0.22666666666666666,0.7370210995050099,0.22102240876012047,0.7316034638430601,0.00459579573560213,0.017377842291886117,1.6300000000000001,False
335,Nielsen Holdings PLC,1.0533333333333335,0.43,0.8380148652477589,0.46810753477485084,0.298710997477228,-0.025437953317373047,-0.14735975773332274,3.5966666666666662,True
336,Norfolk Southern Corp,0.8966666666666666,0.29333333333333333,0.5953584408210546,0.22451255818227034,1.3169462798306915,0.06612362806433182,0.1629696787444572,0.7966666666666667,False
337,Northern Trust Corp,1.7838695329873968,0.04666666666666667,0.923569585268682,0.036010312324469655,0.5651788572992993,0.009930318315765468,0.1287051499224019,0.3566666666666667,False
338,Northrop Grumman Corp,1.3,0.85,0.7766798034864572,0.7460716190929179,0.672877069090727,0.07072672136815018,0.31691873694894007,1.5,False
339,NortonLifeLock Inc,1.04,0.26666666666666666,0.7733161995801942,0.1162725765308489,0.8173871217349479,0.19222624975785838,129.64398680441988,141.29333333333332,True
340,Norwegian Cruise Line Holdings Ltd,0.7433333333333333,0.29666666666666663,0.6602306096563153,0.3182092107136114,0.8264436602046855,-0.033177286806295565,-0.20621654159752756,1.6133333333333333,False
341,Nucor Corp.,3.3433333333333333,1.2566666666666666,0.45096242627768296,1.1313296781950986,2.268474037374451,0.07895862885440293,0.14356164127932994,0.4533333333333333,False
342,"O'Reilly Automotive, Inc.",0.8766666666666666,1.12,0.9688384599380236,0.8986061321601838,0.07989277338150254,0.14895314395873177,6.579772237263874,16.28333333333333,True
343,ONEOK Inc,0.9266666666666666,0.5366666666666666,0.6972875987741584,0.45950714816633864,0.5554242185447859,0.04944704555593704,0.1606079030366952,1.9433333333333334,False
344,Occidental Petroleum Corp,1.22,0.2966666666666667,0.6561764426702328,0.30873101456319063,1.1630408062930189,-0.03238039049552604,-0.20811284894118232,1.1866666666666665,False
345,"Old Dominion Freight Line, Inc.",2.56,1.09,0.23720970472010283,0.8696930617973008,61.111111111111114,0.1596134941878889,0.20932794429392612,0.02,False
346,"Omnicom Group, Inc.",0.9366666666666666,0.5599999999999999,0.8928044039182557,0.5059227936441751,0.5807470200214312,0.046024665001736804,0.432158943130654,1.8666666666666665,False
347,Oracle Corp,3.16,0.32,0.7872950590333933,0.25813607974077907,0.46982304271979025,0.07253771226478466,0.4772673262677998,3.28,False
348,Organon & Co,2.0312898443291325,0.7211498102254957,0.5226752145989938,0.4328666132563396,33.71011923819953,0.18385769832567403,0.32892287389132907,1.2217658584374218,False
349,Otis Worldwide Corp,1.0266666666666666,1.1089082384460813,1.0035155148644275,1.2147942324031606,0.5651788572992993,0.10487761443633588,0.36287307938686064,0.6225495958853775,False
350,PACCAR Inc.,1.7866666666666668,0.8566666666666666,0.6509668251497137,0.7570362904653639,0.8952254641909815,0.07209430570833396,0.2088139808523414,1.1199999999999999,False
351,PNC Financial Services Group (The),1.7838695329873968,0.04666666666666667,0.8797454366811143,0.033690423852789926,0.5651788572992993,0.014352889268503408,0.11970618560464798,0.7533333333333333,False
352,PPG Industries Inc,1.3933333333333333,0.86,0.7071972228946753,0.7715395299731197,1.1085071946031866,0.06936014673846769,0.23700666437402115,1.0166666666666666,False
353,PPL Corp,0.5166666666666667,0.17,0.7230189524635423,0.13223749585969363,0.6091711204198565,0.03695115205131908,0.13365960081964562,1.8366666666666667,False
354,PTC Inc,1.1033333333333333,0.5033333333333333,0.5827362218685969,0.4616357314277253,1.5218790218790217,0.016883905222391426,0.042489105103236745,0.6666666666666666,False
355,PVH Corp,1.5899999999999999,0.7866666666666666,0.5388742148162223,0.717397527089585,2.0251427316644706,0.046258765705599635,0.09900687062453976,0.5066666666666667,False
356,Packaging Corp of America,3.3266666666666667,1.0066666666666668,0.577358716097971,0.8851132123740381,1.199032995723303,0.09019887448845103,0.214976871295436,0.84,False
357,Parker Hannifin Corp,1.8566666666666667,0.8433333333333334,0.6561843028847237,0.7419202324959628,1.022927514670634,0.0721344434073643,0.21066842534071628,1.14,False
358,PayPal Holdings Inc,1.3433333333333335,0.3666666666666667,0.6771837281974413,0.2841796299034928,2.0785589805301625,0.05169296989628875,0.1630752600043737,0.8558829292187108,False
359,Paychex Inc,1.1633333333333333,0.47,0.7005152249764867,0.3291957319769561,2.4489293509005328,0.12424883184474662,0.4169619985260902,0.8058829292187109,False
360,Paycom Software Inc,1.0633333333333335,0.36333333333333334,0.7722939164743545,0.2579026025719115,17.222222222222225,0.07255915056838076,0.32371318981371805,0.07,False
361,Penn National Gaming Inc,1.3499999999999999,0.36999999999999994,0.8738897827772248,0.32627667378597563,0.25874632636842604,-0.011340347115496634,-0.03348774246951328,6.383333333333333,True
362,Pentair PLC,1.3166666666666667,0.6466666666666666,0.51459759762389,0.6499049609186238,2.2374579493930087,0.0875437015800012,0.18050089878686948,0.45333333333333337,False
363,People's United Financial Inc,1.7838695329873968,0.04,0.8691276987097151,0.030581844046405696,0.5651788572992993,0.007379936860318105,0.055336007698661566,0.13,False
364,PepsiCo Inc,0.9433333333333334,0.8333333333333334,0.8266632359341243,0.7047414527531023,0.45125601978393853,0.11030633439194393,0.6286336965584279,2.56,False
365,"PerkinElmer, Inc.",1.5866666666666667,0.47666666666666674,0.5559340624399619,0.405020981779675,1.6884358075820325,0.05535295154441017,0.12259049946078361,0.6666666666666666,False
366,Pfizer Inc,1.2666666666666668,0.3,0.60507964558576,0.22924809140925026,1.7907927140754973,0.07648881369172984,0.1952241624471602,0.7066666666666667,False
367,Philip Morris International Inc,1.1066666666666667,0.6966666666666667,1.2878231103270261,0.511219936382359,0.5651788572992993,0.18203508857922093,-0.6322112623960098,1.8276487876561325,False
368,Phillips 66,1.3699999999999999,1.7299999999999998,0.5916206276793908,1.6944155622051078,1.9034224097515235,0.02759261961440899,0.04701591973423397,0.5866666666666667,False
369,Pinnacle West Capital Corp,0.6466666666666666,0.19666666666666666,0.7096853349091727,0.16347177013688952,1.0466827180310327,0.02852071774678977,0.09823426633463916,1.07,False
370,Pioneer Natural Resources Co,1.22,0.4633333333333334,0.3620923567220462,0.42587619374535196,5.211176088369071,0.027958805203916876,0.041948946719873315,0.2233333333333333,False
371,Pool Corp,2.6,2.4499999999999997,0.725230815922621,2.0866488314769285,0.9157032576236324,0.19203612621805133,0.7532770450705387,1.6266666666666667,False
372,Principal Financial Group Inc,1.7838695329873968,0.056666666666666664,0.9481212534190346,0.05030554171609939,0.5651788572992993,0.005372885645303077,0.10514853350920343,0.27,False
373,Procter & Gamble Company (The),0.8099999999999999,0.58,0.5875098715122169,0.505527422740159,2.262121903024776,0.07473278373240348,0.1830158534502766,0.6633333333333333,False
374,Progressive Corp. (OH),1.7838695329873968,0.7466666666666667,0.7509167491753473,0.6151660355734635,0.5651788572992993,0.07249169185370548,0.2889483467326046,0.35000000000000003,False
375,Prologis Inc,0.7833333333333332,0.08333333333333333,0.42781712185740606,0.042238038086470725,1.9245283018867922,0.0362184442013156,0.06325110913396416,0.52,False
376,Prudential Financial Inc,1.7838695329873968,0.07333333333333333,0.9327605991841564,0.06697507369328869,0.5651788572992993,0.003089908743323913,0.04819144082756851,0.35000000000000003,False
377,Public Service Enterprise Group Inc,0.6699999999999999,0.21333333333333335,0.6824386443214386,0.1705437346440354,1.0949195731804426,0.03508600415801889,0.11046782980887314,1.08,False
378,Public Storage,1.7838695329873968,0.25333333333333335,0.21459784758407527,0.11466498106640112,4.920634920634921,0.13507065165515997,0.17132438325844945,0.21999999999999997,False
379,PulteGroup Inc,10.12,0.9899999999999999,0.49292160123769113,0.8493946170065311,1.7554302422723476,0.10353587380071944,0.20417919007158017,0.5833333333333334,False
380,Qorvo Inc,3.73,0.5,0.2822417306940827,0.47473090868071416,4.0755040755040755,0.022522174963627944,0.03332735921558362,0.26333333333333336,False
381,Qualcomm Inc,1.8566666666666667,0.63,0.8839753178041372,0.6542523987116778,0.2745854505271929,0.04343615405145635,-1.1641873530044486,7.826666666666667,True
382,"Quanta Services, Inc.",1.7366666666666666,1.5200000000000002,0.4957442355944695,1.4079085814165897,3.4256598552575563,0.04759020679017356,0.09440900390924782,0.30666666666666664,False
383,"Quest Diagnostics, Inc.",1.3033333333333335,0.6833333333333332,0.5349430332656863,0.5743739863679126,1.5462127326534105,0.07857415995065896,0.1683075651885598,0.73,False
384,Ralph Lauren Corp,2.2833333333333337,1.01,0.5047105603243353,0.9209942445552839,4.971941638608306,0.05059917016029928,0.10695653937998702,0.3466666666666667,False
385,"Raymond James Financial, Inc.",0.38999999999999996,0.20333333333333334,0.8368238533279112,0.17056868057282212,2.591102013438342,0.022251615596470143,0.13554167598845474,0.39999999999999997,False
386,Raytheon Technologies Corp,1.14,0.5033333333333333,0.656506022197675,0.4462427531101459,1.4570906485707615,0.019062581353469985,0.07361044188246078,0.8866666666666667,False
387,Realty Income Corp,0.9433333333333334,0.08666666666666667,0.4711658461946397,0.060204678183679326,1.2448559670781894,0.02213986697413538,0.04186975189211287,0.8033333333333333,False
388,Regency Centers Corp,0.64,0.09666666666666668,0.4366881666217037,0.082916247437639,1.608863677829195,0.016124851662138243,0.028324528576048853,0.6233333333333334,False
389,"Regeneron Pharmaceuticals, Inc.",3.9233333333333333,0.59,0.2874320218614432,0.3473912190304796,11.574074074074076,0.18530355060219283,0.26285523517867193,0.10666666666666667,False
390,Regions Financial Corp (New),1.7838695329873968,0.05000000000000001,0.8759941208289019,0.038575944056613555,0.5651788572992993,0.011316397426185565,0.09135251234849673,0.3,False
391,Republic Services Inc,0.59,0.4566666666666667,0.6377913604202498,0.4050873417700272,1.0180690399137002,0.04551864896351601,0.12567257953496505,1.0566666666666666,False
392,ResMed Inc.,2.223333333333333,0.71,0.4263995827032832,0.5686442754750539,3.8197705096902865,0.11233871379538947,0.19916261456323348,0.4066666666666667,False
393,Robert Half International Inc.,1.76,2.09,0.5287097485594879,1.8779537534644235,0.5651788572992993,0.11975957056788393,0.2541100101303505,1.8276487876561325,False
394,"Robinson (C.H.) Worldwide, Inc.",1.74,3.5066666666666664,0.6380976250366333,3.277597130703103,1.4843585533240706,0.12428363225687077,0.34377205600921684,0.7200000000000001,False
395,"Rockwell Automation, Inc.",1.43,1.0033333333333332,0.84469863535201,0.8969292523592295,0.6810781257551594,0.11340393279006361,1.0160701697261667,2.876666666666667,True
396,"Rollins, Inc.",0.7966666666666667,1.4433333333333334,0.45723866143055014,1.1738306405546737,2.8354517759625115,0.1565352612119372,0.28391967563135284,0.8025495958853774,False
397,Roper Technologies Inc,0.8866666666666667,0.31,0.5107255077934526,0.22258415769317064,1.588702341401677,0.06636197140416375,0.13297155193447452,0.7033333333333335,False
398,Ross Stores Inc,1.5333333333333332,2.3866666666666667,0.521160517825371,1.9918977377644078,10.74074074074074,0.22573154548309896,0.47385046862611163,0.10333333333333333,False
399,Royal Caribbean Group,0.42333333333333334,0.27666666666666667,0.6426763973580507,0.27439466754809666,1.0901378579003183,-0.017074026846397347,-0.1147395356563246,1.3633333333333333,False
400,S&P Global Inc,1.5200000000000002,0.64,0.9502637595305753,0.4216398704430197,0.13893384907351133,0.1935565650692186,4.048423193451828,7.38,True
401,SBA Communications Corp (New),0.4666666666666666,0.24,1.456875156859762,0.22274906978537592,0.5651788572992993,0.008090182957744935,-0.019710995657732683,1.8276487876561325,False
402,STERIS plc (Ireland),2.3833333333333333,0.5466666666666667,0.37718970628870013,0.47328676582768575,2.6943011878449465,0.0636674699096511,0.10217383005950446,0.37333333333333335,False
403,SVB Financial Group,1.7838695329873968,0.049999999999999996,0.9159480493671666,0.02972510516341575,0.5651788572992993,0.014526180396067864,0.17101879899736838,0.09666666666666668,False
404,Salesforce.Com Inc,0.9833333333333334,0.4833333333333334,0.4768587489303678,0.3988763765886911,10.595238095238095,0.014822016620503281,0.02947400784857386,0.15333333333333335,False
405,Schein (Henry) Inc,1.5133333333333334,1.42,0.6005391701204699,1.3464159688521609,4.7899159663865545,0.07071431999590662,0.177763288368923,0.37333333333333335,False
406,Schlumberger Ltd,1.1966666666666665,0.49,0.5935715111180848,0.6736900443965416,1.6215943083515238,-0.13251965427159904,-0.4129543742639438,0.8266666666666667,False
407,Schwab (Charles) Corp (The),0.2866666666666667,0.03666666666666667,0.9180699532131026,0.022922985418646128,3.3793820558526444,0.010145381837262936,0.13295061827645052,0.30333333333333334,False
408,Seagate Technology Holdings PLC,1.6033333333333335,1.1666666666666667,0.7932057114206899,1.023413009593919,0.4409663828848596,0.1548300449130798,0.7341217282833861,2.4,False
409,Sealed Air Corp,1.17,0.88,1.0249015856046775,0.8025320026621858,0.39219659988854505,0.05550560007488048,0.34032113460903207,8.485099191770756,True
410,Sempra,0.5,0.18333333333333335,0.6876840473945389,0.13949535178748515,0.9434860241311854,0.03660749079036161,0.11327665868395202,1.2733333333333334,False
411,ServiceNow Inc,1.1366666666666667,0.6766666666666666,0.678323180551155,0.5516416886223502,2.1403692093347266,0.036924718207912106,0.10409501995477476,0.5033333333333333,False
412,Sherwin-Williams Co (The),1.01,0.9,0.8089543231380615,0.8190365241609245,0.45956209496138656,0.07755548154504029,0.4111023924394941,2.3033333333333332,False
413,"Simon Property Group, Inc.",0.5433333333333333,0.17,0.9014810759472671,0.10743825432244825,0.1285165186019979,0.05959632109978691,0.6007572130098677,7.8999999999999995,True
414,Skyworks Solutions Inc,5.646666666666666,0.73,0.16144759877960416,0.5432499229828336,0.5651788572992993,0.17537384966396177,0.20896690904483747,1.8276487876561325,False
415,Smith (A O) Corp,1.96,0.9766666666666667,0.4370506959676355,0.8526129408155768,10.08044243338361,0.1249118011731215,0.22243106496275358,0.12,False
416,Smucker (J.M.) Co.,1.1433333333333333,0.4766666666666666,0.5082238393395678,0.41510912445489767,1.634994007875364,0.05473260669915612,0.1097795719738876,0.68,False
417,"Snap-On, Inc.",2.4966666666666666,0.7133333333333334,0.41373352421339193,0.5764094749501835,3.3410138248847923,0.11465398138387155,0.19558649701773967,0.3233333333333333,False
418,Southern Company (The),0.7200000000000001,0.18666666666666668,0.7739919022013254,0.15414133069743333,0.6363648055973556,0.028240061028323965,0.1238495452948901,1.6966666666666665,False
419,Southwest Airlines Co,1.11,0.6733333333333333,0.6627465022469866,0.6236055250525866,3.237259816207185,0.0312917637235797,0.04592682029571346,0.59,False
420,Stanley Black & Decker Inc,1.1566666666666665,0.7000000000000001,0.5611194945977834,0.6361496688499931,2.5098460436806302,0.04331438537229288,0.09780205117715167,0.43333333333333335,False
421,Starbucks Corp.,1.3933333333333333,1.1633333333333333,1.1805197051742085,0.9324240832177305,0.4196859477662424,0.13530433467307645,1.0556646980065472,3.908432525104088,True
422,State Street Corp.,1.7838695329873968,0.04666666666666667,0.9053128731636099,0.03914368939661806,0.5651788572992993,0.009147463760894228,0.09632524278300658,0.49666666666666665,False
423,Stryker Corp,2.1766666666666663,0.5033333333333333,0.5878493908170199,0.3882699059494688,1.2096626329299596,0.0820373924721983,0.195918104079158,0.9266666666666667,False
424,Synchrony Financial,1.7838695329873968,0.17333333333333334,0.8620825682970242,0.15064749017250623,0.5651788572992993,0.025435134495601558,0.18248999275863423,1.3966666666666665,False
425,Synopsys Inc,0.9700000000000001,0.53,0.39510926220640147,0.41840683145186724,36.111111111111114,0.07874067281527457,0.13002645308175378,0.06333333333333334,False
426,Sysco Corp,1.46,3.0833333333333335,0.890257549768525,2.9171344235925525,0.24322827604527744,0.0606293563465146,0.47523557033469666,6.3500000000000005,True
427,T Rowe Price Group Inc.,2.453333333333333,0.6633333333333333,0.23976670798453362,0.3977068398282821,0.5651788572992993,0.2299981393701631,0.3026638698774506,1.8276487876561325,False
428,T-Mobile US Inc,0.8833333333333334,0.5499999999999999,0.6670823832618166,0.4539939392643351,0.9249966099600683,0.03168599064573121,0.09473030407073678,1.1366666666666667,False
429,TE Connectivity Ltd,1.5166666666666666,0.59,0.48145370011761424,0.5982165919157679,3.1330437580437582,0.06897651172340397,0.12853049891985588,0.39666666666666667,False
430,"TJX Companies, Inc.",1.4766666666666666,2.513333333333333,0.678339854786019,2.154922543035426,2.2519095357441223,0.17820631473696638,0.5542485358636516,0.45,False
431,"Take-Two Interactive Software, Inc.",1.5199999999999998,0.62,0.5358762816280723,0.5086308568629253,33.71011923819953,0.06894414617702728,0.14647599201712141,1.2217658584374216,False
432,Tapestry Inc,2.283333333333333,0.8333333333333334,0.5720056007720474,0.7707212627999599,1.8811002661934342,0.023594357757713614,0.0063925418170477045,0.6533333333333333,False
433,Target Corp,0.89,1.8633333333333333,0.7165174982491376,1.7570077756105942,1.0612352042764415,0.07435341090176278,0.26261080721442365,0.9866666666666667,False
434,Teledyne Technologies Inc,1.843333333333333,0.7166666666666667,0.3956543308307174,0.6016588556645389,4.012345679012346,0.08483646740802715,0.14079353610164133,0.2966666666666667,False
435,Teleflex Incorporated,2.356666666666667,0.3933333333333333,0.5522577120957789,0.3346781524389324,1.4136220417179184,0.05066710992652834,0.11148310508371097,0.7433333333333333,False
436,"Teradyne, Inc.",3.39,0.8433333333333333,0.4337131367334071,0.6349760352660053,4.528685548293391,0.18311491124519375,0.32242497485745186,0.23666666666666666,False
437,Tesla Inc,1.28,0.7466666666666667,0.7384567375938976,0.6956236837975021,1.1391078076515797,-0.014706602995990936,-0.09869056077403959,1.6633333333333333,False
438,Texas Instruments Inc.,3.893333333333333,0.8333333333333334,0.5020252874685118,0.5244726102020445,1.7401960784313726,0.297729124512015,0.5975637307773783,0.65,False
439,Textron Inc,1.9966666666666668,0.88,0.6300307796141339,0.827203605627764,1.5602183348943068,0.05331583193603139,0.14530874472432007,0.7233333333333333,False
440,The Gap Inc,1.7433333333333334,1.86,0.6408740683830829,1.661914946695605,2.6629072681704264,0.08547249138201367,0.21928905823143,0.37666666666666665,False
441,Thermo Fisher Scientific Inc,1.9266666666666665,0.45999999999999996,0.5004671534607225,0.3764577216420178,1.7016065830721,0.06929260902338769,0.13859923562048607,0.64,False
442,Tractor Supply Co.,1.7366666666666666,2.1300000000000003,0.6415258573677689,1.7548930966556675,3.244315432994678,0.12837223622786229,0.36300178126188704,0.36000000000000004,False
443,Trane Technologies plc,1.4000000000000001,0.79,0.633478455200029,0.7266514512670041,1.5953173722319116,0.06353296826207526,0.17267375871609061,0.7233333333333333,False
444,TransDigm Group Inc,3.8433333333333333,0.3333333333333333,1.1807635006824657,0.24666544042898333,0.5651788572992993,0.05706753082413174,-0.3375165655485901,1.8276487876561325,False
445,Travelers Companies Inc (The),1.7838695329873968,0.2866666666666667,0.7648958850817195,0.26002842145249133,0.5651788572992993,0.023704404957509,0.10121037428961623,0.25,False
446,Trimble Inc,1.01,0.5366666666666666,0.5147641219752367,0.43476649582004384,2.0877849002849,0.06103384713096779,0.12634494571118157,0.5866666666666666,False
447,Truist Financial Corp,1.7838695329873968,0.049999999999999996,0.8623888541422003,0.034976833350650736,0.5651788572992993,0.009986246625039502,0.07310924325050305,0.6133333333333334,False
448,Twitter Inc,6.086666666666667,0.31,0.3498046347256511,0.23344386829839722,3.4731432360742702,0.04970858797786648,0.06768111699901913,0.37666666666666665,False
449,"Tyler Technologies, Inc.",1.51,0.52,0.25355466252991093,0.4074380331642303,0.5651788572992993,0.0746388208953521,0.10000317668523805,1.8276487876561325,False
450,Tyson Foods Inc,1.43,1.3399999999999999,0.5631808341790185,1.2245481041311994,1.4900153609831028,0.07552574471187616,0.17271972691476153,0.7833333333333333,False
451,UDR Inc,0.3166666666666667,0.13333333333333333,0.6463707180770787,0.1106331542745031,0.7277694982613016,0.017399952377309836,0.048281576378473134,1.3866666666666667,False
452,US Bancorp (DE),1.7838695329873968,0.056666666666666664,0.8967661277475649,0.039260375489247684,0.5651788572992993,0.012697055616541218,0.12193176126153105,0.7033333333333333,False
453,Ulta Beauty Inc,2.2566666666666664,2.0566666666666666,0.4761902404410123,1.7021517189835889,0.5651788572992993,0.1807992457903194,0.348629722460704,1.8276487876561325,False
454,Under Armour Inc,2.05,1.1066666666666667,0.5826062703307914,1.1004505261690527,2.698412698412698,-0.03368364908272134,-0.1025921127269233,0.41333333333333333,False
455,Union Pacific Corp,0.9,0.35333333333333333,0.6963329504911915,0.25616015376555573,0.8000731900225473,0.09418838631949915,0.3113531496621049,1.3566666666666667,False
456,United Airlines Holdings Inc,0.75,0.7033333333333333,0.819198484243687,0.6720650377359615,0.6154776201096325,-0.004662261396569403,-0.2373728584651431,2.44,False
457,United Parcel Service Inc,1.1500000000000001,1.4266666666666667,0.9575350085497604,1.2931315260495546,0.11164945289274404,0.06468331819927998,1.6630279116289248,17.366666666666667,True
458,United Rentals Inc,0.9133333333333334,0.48333333333333334,0.7853560099649938,0.413987769528261,0.3953923958994953,0.05737973117846119,0.2748052533193674,2.8533333333333335,False
459,UnitedHealth Group Inc,0.7200000000000001,1.4733333333333334,0.6656986871335264,1.315287588406138,1.583317522556708,0.07879977140923249,0.23574726026250767,0.6933333333333334,False
460,"Universal Health Services, Inc.",1.2966666666666666,0.9633333333333334,0.5270522681704044,0.8599870510700075,1.5213426678794226,0.0696964767495669,0.14738313891724367,0.69,False
461,VF Corp.,1.6366666666666667,1.18,0.6419075090915527,0.7891389689973463,1.6631780917495202,0.06906139557696159,0.18799884191837024,0.9366666666666666,False
462,Valero Energy Corp,1.5999999999999999,1.8800000000000001,0.6000281878665419,1.8394940237797932,2.057109374182545,0.026588640984796824,0.059864878409023235,0.5466666666666667,False
463,Ventas Inc,0.12666666666666668,0.16,0.5663975740893319,0.14242858144620174,0.8897169241996828,0.018006266867372504,0.04155748232002215,1.1266666666666667,False
464,Verisign Inc,1.3133333333333332,0.6166666666666667,1.7713954979745887,0.3064011293417191,0.5651788572992993,0.36523373251211816,-0.47250133336344846,1.8276487876561325,False
465,Verisk Analytics Inc,0.5166666666666667,0.39333333333333337,0.6572681305911354,0.29473833169784897,0.9549339549339549,0.08649601031980936,0.2507608843426936,1.3,False
466,Verizon Communications Inc,1.0433333333333332,0.4633333333333333,0.7915020494775558,0.39020622300212243,0.5539064032751985,0.06030616422795428,0.28945287170278877,1.95,False
467,"Vertex Pharmaceuticals, Inc.",3.7900000000000005,0.6033333333333334,0.2730591069645767,0.2694976187369189,11.823361823361823,0.23597875846128338,0.32610959819870894,0.09333333333333334,False
468,ViacomCBS Inc,1.4866666666666666,0.65,0.7710476193110035,0.5010984663011345,0.6041340352709131,0.06748625634193363,0.36901470312899115,2.106666666666667,False
469,Viatris Inc,1.2733333333333332,0.31666666666666665,0.6250611392176975,0.30363104263031887,1.003387958808425,0.0001408417650814979,0.0004003104579854341,1.0166666666666666,False
470,Visa Inc,1.6933333333333334,0.3,0.5277881880475599,0.14491572682539444,1.949429196966143,0.14984594941224516,0.31709579235878577,0.5433333333333333,False
471,Vornado Realty Trust,2.83,0.11,0.6564100914390191,0.04845266038988107,0.7495307052829178,0.0600069865396296,0.17430445870378986,1.4766666666666666,False
472,Vulcan Materials Co (Holding Company),2.18,0.4533333333333333,0.47571969981201273,0.38791727814456106,2.0202351654361497,0.053491900394766985,0.10199250608765564,0.5366666666666667,False
473,WEC Energy Group Inc,0.61,0.22,0.7109603372344512,0.1812078692613134,0.9247167335402628,0.03219871417178543,0.11143389975585688,1.2733333333333334,False
474,Wabtec Corp,1.7300000000000002,0.52,0.5315571503134325,0.4243315946160433,1.911001911001911,0.024600401187648502,0.05889821185869131,0.7366666666666667,False
475,Walgreens Boots Alliance Inc,0.7399999999999999,1.9266666666666665,0.6779013373235491,1.8061126419244673,1.968636054012902,0.04596195242008025,0.12821177370810447,0.6766666666666667,False
476,Walmart Inc,0.7833333333333333,2.4033333333333333,0.6576483223279923,2.2887014345230328,1.7131449789289752,0.04718616925625189,0.13931551917400117,0.71,False
477,"Waste Management, Inc. (DE)",1.2733333333333332,0.6033333333333334,0.7380822117468417,0.512652451184663,0.58243580588928,0.06538801701410021,0.2479335195956878,1.7866666666666668,False
478,Waters Corp.,3.296666666666667,0.7233333333333333,0.8607907856985952,0.6162418454354985,0.7091165211018738,0.1915182451732269,-0.03748819422017365,2.799216262552044,False
479,Wells Fargo & Co (New),1.7838695329873968,0.04666666666666667,0.9016257423544366,0.041548641260920526,0.5651788572992993,0.007880532270826482,0.07882200631858784,1.18,False
480,Welltower Inc,2.6146231776624655,0.15333333333333335,0.5201624877762094,0.11884935124866235,1.1414941647499788,0.031194395210487513,0.06519968519150712,0.91,False
481,"West Pharmaceutical Services, Inc.",2.9933333333333336,0.8566666666666666,0.31956967787261176,0.6968067469935467,6.845238095238095,0.11056637243024918,0.16283142441374324,0.1466666666666667,False
482,WestRock Co,1.5266666666666666,0.6333333333333333,0.5971305761238038,0.5932159383660714,1.4749365050405006,0.026589186336141084,0.05838025756625046,0.77,False
483,Western Digital Corp,2.22,0.6433333333333333,0.6184745228633048,0.6673290176201183,1.0181444001355606,-0.005082121922617668,-0.014429019650222764,1.01,False
484,Western Union Co,0.7400000000000001,0.58,1.0064315373082928,0.4802642463612226,0.39760622549913727,0.09796610331299722,-8.517832562711904,6.698432525104089,True
485,Weyerhaeuser Co,1.3733333333333333,0.42333333333333334,0.4806218829864189,0.4023611910096802,1.546448087431694,0.029198370624786904,0.05489268322743013,0.7133333333333334,False
486,Whirlpool Corp,0.9266666666666667,1.0633333333333335,0.8397428900538465,1.026096589436772,0.6953607399637729,0.03528485112241211,0.19174993750607874,1.8666666666666665,False
487,Williams Cos Inc (The),0.61,0.18000000000000002,0.706556129038808,0.17494044094955621,0.6217656587738395,0.006606087685503313,0.02365464651450479,1.7,False
488,Willis Towers Watson Public Ltd Co,1.06,0.26,0.7085549817554287,0.22798470166249452,2.1569601802159943,0.025593249912845988,0.08815313480832367,0.51,False
489,Wynn Resorts Ltd,1.623333333333333,0.3866666666666667,0.9152700163180287,0.41095782605626935,0.318057319768142,-0.032290173891978906,2.0749587954620523,4.142549595885377,True
490,Xcel Energy Inc,0.7133333333333334,0.24,0.7338926981163952,0.20370183744407597,0.7597644392721024,0.027305543359467204,0.10262375764549873,1.4133333333333333,False
491,"Xilinx, Inc.",5.096666666666667,0.5866666666666667,0.49677858337458436,0.4423103319975749,2.45788610614192,0.14765761060992835,0.29108066751024236,0.57,False
492,Xylem Inc,1.6466666666666665,0.6766666666666666,0.6313329275501204,0.6006653457486125,1.3303676347154607,0.05235222372857549,0.13984269369197966,0.8833333333333333,False
493,Yum! Brands Inc,0.9766666666666667,1.14,2.5999863998069217,0.8792722340455942,0.5651788572992993,0.2584047195914178,-0.15684587383765136,1.8276487876561325,False
494,Zebra Technologies Corp.,0.8099999999999999,0.9500000000000001,0.6343595731382082,0.8151355387299009,1.689506361244509,0.10208960938847683,0.28208112464177393,0.82,False
495,Zimmer Biomet Holdings Inc,1.7300000000000002,0.3133333333333333,0.5102134532989233,0.30530957381564683,1.5908289241622573,0.008174096433778187,0.015437365500738834,0.7066666666666667,False
496,"Zions Bancorporation, N.A.",1.7838695329873968,0.043333333333333335,0.8955607400124762,0.03195587566334531,0.5651788572992993,0.01042360405831068,0.09865918521170497,0.16666666666666666,False
497,Zoetis Inc,3.0933333333333333,0.5633333333333334,0.7619146388197828,0.3968069750352701,0.45498569227382785,0.12759743601659743,0.5473530917623058,2.4133333333333336,False
498,eBay Inc.,1.5200000000000002,0.5066666666666667,0.7941389316930975,0.3648199312702994,0.5686778463762385,0.1675398863552916,0.8721695537719961,2.1166666666666667,False
